"","aa_subs","collection_date","accession_id","location","counts","region","mutation_name","fraction","per_abundance","ref","pos","alt","continent","country","state","city"
"NSP6_G107del","NSP6_G107del",2020-01-27,"EPI_ISL_17121378","North America/USA/Oklahoma/Oklahoma City",6507129,"NSP6","G107del",0.560518761156639,56.0518761156639,"G",107,"del","North America","USA","Oklahoma","Oklahoma City"
"NSP6_S106del","NSP6_S106del",2020-01-27,"EPI_ISL_17121378","North America/USA/Oklahoma/Oklahoma City",6504001,"NSP6","S106del",0.560249317799223,56.0249317799223,"S",106,"del","North America","USA","Oklahoma","Oklahoma City"
"N_R32del","N_R32del",2020-01-27,"EPI_ISL_17121378","North America/USA/Oklahoma/Oklahoma City",5210206,"N","R32del",0.448802876428435,44.8802876428435,"R",32,"del","North America","USA","Oklahoma","Oklahoma City"
"N_E31del","N_E31del",2020-01-27,"EPI_ISL_17121378","North America/USA/Oklahoma/Oklahoma City",5205718,"N","E31del",0.448416283785186,44.8416283785186,"E",31,"del","North America","USA","Oklahoma","Oklahoma City"
"N_S33del","N_S33del",2020-01-27,"EPI_ISL_17121378","North America/USA/Oklahoma/Oklahoma City",5066152,"N","S33del",0.436394182883301,43.6394182883301,"S",33,"del","North America","USA","Oklahoma","Oklahoma City"
"NSP6_F108del","NSP6_F108del",2020-01-28,"EPI_ISL_3364539","North America/USA/New York",4668427,"NSP6","F108del",0.402134477215713,40.2134477215713,"F",108,"del","North America","USA","New York",NA
"Spike_V70del","Spike_V70del",2020-01-05,"EPI_ISL_434692","Asia/Thailand/Nonthaburi",4440872,"Spike","V70del",0.382533075937976,38.2533075937976,"V",70,"del","Asia","Thailand","Nonthaburi",NA
"Spike_H69del","Spike_H69del",2020-01-05,"EPI_ISL_434692","Asia/Thailand/Nonthaburi",4437115,"Spike","H69del",0.382209451035862,38.2209451035862,"H",69,"del","Asia","Thailand","Nonthaburi",NA
"Spike_F157del","Spike_F157del",2020-03-12,"EPI_ISL_6661895","North America/USA/New York/Westchester County",3620691,"Spike","F157del",0.311883356523436,31.1883356523436,"F",157,"del","North America","USA","New York","Westchester County"
"Spike_R158del","Spike_R158del",2020-03-12,"EPI_ISL_6661895","North America/USA/New York/Westchester County",3617230,"Spike","R158del",0.311585228818828,31.1585228818828,"R",158,"del","North America","USA","New York","Westchester County"
"Spike_P26del","Spike_P26del",2020-03-28,"EPI_ISL_12269393","Europe/France/Grand Est",3402228,"Spike","P26del",0.293065132677165,29.3065132677165,"P",26,"del","Europe","France","Grand Est",NA
"Spike_P25del","Spike_P25del",2020-03-28,"EPI_ISL_12269393","Europe/France/Grand Est",3401698,"Spike","P25del",0.293019478911363,29.3019478911363,"P",25,"del","Europe","France","Grand Est",NA
"Spike_L24del","Spike_L24del",2020-03-28,"EPI_ISL_12269393","Europe/France/Grand Est",3400398,"Spike","L24del",0.292907497976375,29.2907497976375,"L",24,"del","Europe","France","Grand Est",NA
"Spike_Y144del","Spike_Y144del",2020-01-27,"EPI_ISL_413522","Asia/India/Maharashtra",3155583,"Spike","Y144del",0.271819334438729,27.1819334438729,"Y",144,"del","Asia","India","Maharashtra",NA
"NSP3_S1265del","NSP3_S1265del",2020-01-27,"EPI_ISL_17121378","North America/USA/Oklahoma/Oklahoma City",1835648,"NSP3","S1265del",0.158121214882886,15.8121214882886,"S",1265,"del","North America","USA","Oklahoma","Oklahoma City"
"NSP6_L105del","NSP6_L105del",2020-01-27,"EPI_ISL_17121378","North America/USA/Oklahoma/Oklahoma City",1826643,"NSP6","L105del",0.157345531560147,15.7345531560147,"L",105,"del","North America","USA","Oklahoma","Oklahoma City"
"Spike_V143del","Spike_V143del",2020-02-25,"EPI_ISL_479852","Asia/Japan/Kanto",1814251,"Spike","V143del",0.156278094832175,15.6278094832175,"V",143,"del","Asia","Japan","Kanto",NA
"Spike_Y145del","Spike_Y145del",2020-03-30,"EPI_ISL_429978","North America/USA/Virginia",1809622,"Spike","Y145del",0.155879356564439,15.5879356564439,"Y",145,"del","North America","USA","Virginia",NA
"Spike_N211del","Spike_N211del",2020-03-23,"EPI_ISL_15026478","North America/USA/Iowa",1698156,"Spike","N211del",0.146277766641896,14.6277766641896,"N",211,"del","North America","USA","Iowa",NA
"NSP1_M85del","NSP1_M85del",2020-01-22,"EPI_ISL_451323","Asia/China/Sichuan",241104,"NSP1","M85del",0.0207685010378479,2.07685010378479,"M",85,"del","Asia","China","Sichuan",NA
"NSP1_S142del","NSP1_S142del",2020-01-27,"EPI_ISL_410044","North America/USA/California",214303,"NSP1","S142del",0.0184598848543115,1.84598848543115,"S",142,"del","North America","USA","California",NA
"NSP1_K141del","NSP1_K141del",2020-01-27,"EPI_ISL_410044","North America/USA/California",214285,"NSP1","K141del",0.0184583343490578,1.84583343490578,"K",141,"del","North America","USA","California",NA
"NSP1_F143del","NSP1_F143del",2020-01-27,"EPI_ISL_410044","North America/USA/California",214270,"NSP1","F143del",0.0184570422613464,1.84570422613464,"F",143,"del","North America","USA","California",NA
"NSP1_V86del","NSP1_V86del",2020-01-22,"EPI_ISL_451323","Asia/China/Sichuan",173573,"NSP1","V86del",0.0149514360219755,1.49514360219755,"V",86,"del","Asia","China","Sichuan",NA
"NSP1_V84del","NSP1_V84del",2020-01-22,"EPI_ISL_451323","Asia/China/Sichuan",170312,"NSP1","V84del",0.0146705361535186,1.46705361535186,"V",84,"del","Asia","China","Sichuan",NA
"NSP1_H83del","NSP1_H83del",2020-01-22,"EPI_ISL_451323","Asia/China/Sichuan",153812,"NSP1","H83del",0.0132492396709862,1.32492396709862,"H",83,"del","Asia","China","Sichuan",NA
"NSP1_G82del","NSP1_G82del",2020-01-22,"EPI_ISL_451323","Asia/China/Sichuan",146949,"NSP1","G82del",0.0126580664734335,1.26580664734335,"G",82,"del","Asia","China","Sichuan",NA
"N_G30del","N_G30del",2020-12-29,"EPI_ISL_900527","Europe/France/Auvergne-Rhone-Alpes/Le Puy-en-Velay",144137,"N","G30del",0.0124158430971377,1.24158430971377,"G",30,"del","Europe","France","Auvergne-Rhone-Alpes","Le Puy-en-Velay"
"Spike_A243del","Spike_A243del",2020-02-08,"EPI_ISL_451369","Asia/China/Sichuan",41342,"Spike","A243del",0.00356116601096087,0.356116601096087,"A",243,"del","Asia","China","Sichuan",NA
"Spike_L244del","Spike_L244del",2020-02-08,"EPI_ISL_451369","Asia/China/Sichuan",38907,"Spike","L244del",0.00335141710581139,0.335141710581139,"L",244,"del","Asia","China","Sichuan",NA
"Spike_L242del","Spike_L242del",2020-03-27,"EPI_ISL_2274264","Asia/Qatar/Doha",35578,"Spike","L242del",0.00306465977306288,0.306465977306288,"L",242,"del","Asia","Qatar","Doha",NA
"NS7a_F63del","NS7a_F63del",2020-03-15,"EPI_ISL_603845","North America/USA/Utah",21252,"NS7a","F63del",0.00183062986950173,0.183062986950173,"F",63,"del","North America","USA","Utah",NA
"NS8_F86del","NS8_F86del",2020-06-22,"EPI_ISL_738675","North America/USA/California/Alameda County",17153,"NS8","F86del",0.00147754536756837,0.147754536756837,"F",86,"del","North America","USA","California","Alameda County"
"NS7a_Q62del","NS7a_Q62del",2020-03-12,"EPI_ISL_465012","Europe/United Kingdom/England",16104,"NS7a","Q62del",0.00138718536695162,0.138718536695162,"Q",62,"del","Europe","United Kingdom","England",NA
"NS7a_T61del","NS7a_T61del",2020-03-12,"EPI_ISL_465012","Europe/United Kingdom/England",14494,"NS7a","T61del",0.00124850128592876,0.124850128592876,"T",61,"del","Europe","United Kingdom","England",NA
"Spike_E156del","Spike_E156del",2020-11-02,"EPI_ISL_2161071","Asia/South Korea",14458,"Spike","E156del",0.00124540027542142,0.124540027542142,"E",156,"del","Asia","South Korea",NA,NA
"NS7a_S60del","NS7a_S60del",2020-03-12,"EPI_ISL_465012","Europe/United Kingdom/England",14412,"NS7a","S60del",0.00124143787310648,0.124143787310648,"S",60,"del","Europe","United Kingdom","England",NA
"NS8_G66del","NS8_G66del",2020-03-06,"EPI_ISL_417308","Europe/United Kingdom/England",13998,"NS8","G66del",0.00120577625227203,0.120577625227203,"G",66,"del","Europe","United Kingdom","England",NA
"NS7a_F59del","NS7a_F59del",2020-03-15,"EPI_ISL_603845","North America/USA/Utah",13429,"NS7a","F59del",0.00115676305841985,0.115676305841985,"F",59,"del","North America","USA","Utah",NA
"NS8_S67del","NS8_S67del",2020-03-06,"EPI_ISL_417308","Europe/United Kingdom/England",13355,"NS8","S67del",0.00115038875904365,0.115038875904364,"S",67,"del","Europe","United Kingdom","England",NA
"NS3_V255del","NS3_V255del",2020-03-06,"EPI_ISL_983548","Europe/Germany/North Rhine-Westphalia/Heinsberg",13291,"NS3","V255del",0.00114487585147503,0.114487585147503,"V",255,"del","Europe","Germany","North Rhine-Westphalia","Heinsberg"
"NSP6_S104del","NSP6_S104del",2020-03-17,"EPI_ISL_525538","Europe/France/Auvergne-Rhone-Alpes/Lyon",12787,"NSP6","S104del",0.00110146170437223,0.110146170437223,"S",104,"del","Europe","France","Auvergne-Rhone-Alpes","Lyon"
"NSP6_K61del","NSP6_K61del",2020-02-05,"EPI_ISL_1069218","Asia/China/Anhui/Lu'an",11718,"NSP6","K61del",0.00100937892014028,0.100937892014028,"K",61,"del","Asia","China","Anhui","Lu'an"
"NSP6_H62del","NSP6_H62del",2020-02-05,"EPI_ISL_1069218","Asia/China/Anhui/Lu'an",11691,"NSP6","H62del",0.00100705316225977,0.100705316225977,"H",62,"del","Asia","China","Anhui","Lu'an"
"NSP6_H64del","NSP6_H64del",2020-02-05,"EPI_ISL_1069218","Asia/China/Anhui/Lu'an",11691,"NSP6","H64del",0.00100705316225977,0.100705316225977,"H",64,"del","Asia","China","Anhui","Lu'an"
"NSP6_K63del","NSP6_K63del",2020-02-05,"EPI_ISL_1069218","Asia/China/Anhui/Lu'an",11691,"NSP6","K63del",0.00100705316225977,0.100705316225977,"K",63,"del","Asia","China","Anhui","Lu'an"
"NSP6_G48del","NSP6_G48del",2020-02-05,"EPI_ISL_1069218","Asia/China/Anhui/Lu'an",11676,"NSP6","G48del",0.00100576107454838,0.100576107454838,"G",48,"del","Asia","China","Anhui","Lu'an"
"NSP6_I49del","NSP6_I49del",2020-02-05,"EPI_ISL_1069218","Asia/China/Anhui/Lu'an",11665,"NSP6","I49del",0.00100481354356002,0.100481354356002,"I",49,"del","Asia","China","Anhui","Lu'an"
"NSP6_I50del","NSP6_I50del",2020-02-05,"EPI_ISL_1069218","Asia/China/Anhui/Lu'an",11665,"NSP6","I50del",0.00100481354356002,0.100481354356002,"I",50,"del","Asia","China","Anhui","Lu'an"
"NSP6_A46del","NSP6_A46del",2020-02-05,"EPI_ISL_1069218","Asia/China/Anhui/Lu'an",11586,"NSP6","A46del",0.00099800854828002,0.099800854828002,"A",46,"del","Asia","China","Anhui","Lu'an"
"NSP6_M47del","NSP6_M47del",2020-02-05,"EPI_ISL_1069218","Asia/China/Anhui/Lu'an",11586,"NSP6","M47del",0.00099800854828002,0.099800854828002,"M",47,"del","Asia","China","Anhui","Lu'an"
"NSP6_A54del","NSP6_A54del",2020-02-05,"EPI_ISL_1069218","Asia/China/Anhui/Lu'an",11584,"NSP6","A54del",0.000997836269918501,0.0997836269918501,"A",54,"del","Asia","China","Anhui","Lu'an"
"NSP6_A51del","NSP6_A51del",2020-02-05,"EPI_ISL_1069218","Asia/China/Anhui/Lu'an",11583,"NSP6","A51del",0.000997750130737742,0.0997750130737741,"A",51,"del","Asia","China","Anhui","Lu'an"
"NSP6_M52del","NSP6_M52del",2020-02-05,"EPI_ISL_1069218","Asia/China/Anhui/Lu'an",11582,"NSP6","M52del",0.000997663991556982,0.0997663991556982,"M",52,"del","Asia","China","Anhui","Lu'an"
"NSP6_S53del","NSP6_S53del",2020-02-05,"EPI_ISL_1069218","Asia/China/Anhui/Lu'an",11581,"NSP6","S53del",0.000997577852376222,0.0997577852376222,"S",53,"del","Asia","China","Anhui","Lu'an"
"NSP6_F42del","NSP6_F42del",2020-02-05,"EPI_ISL_1069218","Asia/China/Anhui/Lu'an",11504,"NSP6","F42del",0.000990945135457738,0.0990945135457738,"F",42,"del","Asia","China","Anhui","Lu'an"
"NSP6_A41del","NSP6_A41del",2020-02-05,"EPI_ISL_1069218","Asia/China/Anhui/Lu'an",11502,"NSP6","A41del",0.000990772857096219,0.0990772857096219,"A",41,"del","Asia","China","Anhui","Lu'an"
"NSP6_N40del","NSP6_N40del",2020-02-05,"EPI_ISL_1069218","Asia/China/Anhui/Lu'an",11493,"NSP6","N40del",0.000989997604469383,0.0989997604469383,"N",40,"del","Asia","China","Anhui","Lu'an"
"N_R209del","N_R209del",2020-03-09,"EPI_ISL_775922","Europe/Germany/Hamburg",10406,"N","R209del",0.000896364314983764,0.0896364314983764,"R",209,"del","Europe","Germany","Hamburg",NA
"NS7a_Y75del","NS7a_Y75del",2020-03-08,"EPI_ISL_414540","Europe/Netherlands/Noord-Brabant",10175,"NS7a","Y75del",0.000876466164228311,0.0876466164228311,"Y",75,"del","Europe","Netherlands","Noord-Brabant",NA
"Spike_G142del","Spike_G142del",2020-02-25,"EPI_ISL_479852","Asia/Japan/Kanto",10160,"Spike","G142del",0.000875174076516917,0.0875174076516917,"G",142,"del","Asia","Japan","Kanto",NA
"NS7a_A55del","NS7a_A55del",2020-03-17,"EPI_ISL_848149","Europe/Ireland/Dublin",10114,"NS7a","A55del",0.000871211674201979,0.0871211674201979,"A",55,"del","Europe","Ireland","Dublin",NA
"NS7a_C67del","NS7a_C67del",2020-03-15,"EPI_ISL_661253","North America/USA/Georgia",10056,"NS7a","C67del",0.000866215601717925,0.0866215601717925,"C",67,"del","North America","USA","Georgia",NA
"NS7a_L56del","NS7a_L56del",2020-03-17,"EPI_ISL_848149","Europe/Ireland/Dublin",9992,"NS7a","L56del",0.000860702694149315,0.0860702694149315,"L",56,"del","Europe","Ireland","Dublin",NA
"Spike_H146del","Spike_H146del",2020-04-13,"EPI_ISL_619018","Europe/Denmark/Hovedstaden",9883,"Spike","H146del",0.000851313523446525,0.0851313523446525,"H",146,"del","Europe","Denmark","Hovedstaden",NA
"NS7a_A64del","NS7a_A64del",2020-03-15,"EPI_ISL_603845","North America/USA/Utah",9567,"NS7a","A64del",0.000824093542326511,0.0824093542326511,"A",64,"del","North America","USA","Utah",NA
"NS7a_T57del","NS7a_T57del",2020-03-17,"EPI_ISL_848149","Europe/Ireland/Dublin",9472,"NS7a","T57del",0.000815910320154355,0.0815910320154355,"T",57,"del","Europe","Ireland","Dublin",NA
"NS7a_L102del","NS7a_L102del",2020-03-09,"EPI_ISL_422820","Europe/Netherlands",9226,"NS7a","L102del",0.000794720081687508,0.0794720081687508,"L",102,"del","Europe","Netherlands",NA,NA
"NS7a_C58del","NS7a_C58del",2020-03-17,"EPI_ISL_848149","Europe/Ireland/Dublin",8996,"NS7a","C58del",0.000774908070112814,0.0774908070112814,"C",58,"del","Europe","Ireland","Dublin",NA
"NS7a_F101del","NS7a_F101del",2020-03-13,"EPI_ISL_1167779","South America/Chile/Antofagasta/Antofagasta",8409,"NS7a","F101del",0.000724344371006964,0.0724344371006964,"F",101,"del","South America","Chile","Antofagasta","Antofagasta"
"Spike_L141del","Spike_L141del",2020-02-25,"EPI_ISL_479852","Asia/Japan/Kanto",8394,"Spike","L141del",0.000723052283295571,0.0723052283295571,"L",141,"del","Asia","Japan","Kanto",NA
"NS7a_G70del","NS7a_G70del",2020-03-15,"EPI_ISL_661253","North America/USA/Georgia",8255,"NS7a","G70del",0.000711078937169995,0.0711078937169995,"G",70,"del","North America","USA","Georgia",NA
"NS7a_D69del","NS7a_D69del",2020-03-15,"EPI_ISL_661253","North America/USA/Georgia",8094,"NS7a","D69del",0.00069721052906771,0.069721052906771,"D",69,"del","North America","USA","Georgia",NA
"NS7a_P68del","NS7a_P68del",2020-03-15,"EPI_ISL_661253","North America/USA/Georgia",8086,"NS7a","P68del",0.000696521415621633,0.0696521415621633,"P",68,"del","North America","USA","Georgia",NA
"NS7a_F65del","NS7a_F65del",2020-03-15,"EPI_ISL_661253","North America/USA/Georgia",8020,"NS7a","F65del",0.000690836229691504,0.0690836229691504,"F",65,"del","North America","USA","Georgia",NA
"NS7a_V71del","NS7a_V71del",2020-03-15,"EPI_ISL_661253","North America/USA/Georgia",7980,"NS7a","V71del",0.000687390662461122,0.0687390662461122,"V",71,"del","North America","USA","Georgia",NA
"NS7a_Q76del","NS7a_Q76del",2020-03-08,"EPI_ISL_414540","Europe/Netherlands/Noord-Brabant",7890,"NS7a","Q76del",0.000679638136192764,0.0679638136192764,"Q",76,"del","Europe","Netherlands","Noord-Brabant",NA
"NS7a_A66del","NS7a_A66del",2020-03-15,"EPI_ISL_661253","North America/USA/Georgia",7850,"NS7a","A66del",0.000676192568962382,0.0676192568962382,"A",66,"del","North America","USA","Georgia",NA
"NS7a_V74del","NS7a_V74del",2020-03-15,"EPI_ISL_661253","North America/USA/Georgia",7763,"NS7a","V74del",0.000668698460236302,0.0668698460236302,"V",74,"del","North America","USA","Georgia",NA
"NS7a_H73del","NS7a_H73del",2020-03-15,"EPI_ISL_661253","North America/USA/Georgia",7688,"NS7a","H73del",0.000662238021679337,0.0662238021679337,"H",73,"del","North America","USA","Georgia",NA
"NS7a_K72del","NS7a_K72del",2020-03-15,"EPI_ISL_661253","North America/USA/Georgia",7661,"NS7a","K72del",0.000659912263798829,0.0659912263798829,"K",72,"del","North America","USA","Georgia",NA
"Spike_Y248del","Spike_Y248del",2020-05-11,"EPI_ISL_842803","Europe/United Kingdom/England",7442,"Spike","Y248del",0.00064104778321249,0.064104778321249,"Y",248,"del","Europe","United Kingdom","England",NA
"Spike_R214del","Spike_R214del",2020-07-28,"EPI_ISL_5084801","North America/USA/Texas/Houston",7222,"Spike","R214del",0.000622097163445392,0.0622097163445392,"R",214,"del","North America","USA","Texas","Houston"
"Spike_R246del","Spike_R246del",2020-02-18,"EPI_ISL_10980369","Africa/Zambia/Choma/Macha",7217,"Spike","R246del",0.000621666467541594,0.0621666467541594,"R",246,"del","Africa","Zambia","Choma","Macha"
"Spike_S247del","Spike_S247del",2020-04-23,"EPI_ISL_583430","North America/USA/New York",6999,"Spike","S247del",0.000602888126136014,0.0602888126136014,"S",247,"del","North America","USA","New York",NA
"Spike_G252del","Spike_G252del",2020-07-21,"EPI_ISL_5934936","South America/Peru/Lima",6776,"Spike","G252del",0.000583679088826637,0.0583679088826637,"G",252,"del","South America","Peru","Lima",NA
"Spike_P251del","Spike_P251del",2020-07-21,"EPI_ISL_5934936","South America/Peru/Lima",6743,"Spike","P251del",0.000580836495861572,0.0580836495861572,"P",251,"del","South America","Peru","Lima",NA
"Spike_T250del","Spike_T250del",2020-07-21,"EPI_ISL_5934936","South America/Peru/Lima",6702,"Spike","T250del",0.000577304789450431,0.0577304789450431,"T",250,"del","South America","Peru","Lima",NA
"Spike_L249del","Spike_L249del",2020-07-21,"EPI_ISL_5934936","South America/Peru/Lima",6684,"Spike","L249del",0.000575754284196759,0.057575428419676,"L",249,"del","South America","Peru","Lima",NA
"N_G214del","N_G214del",2020-03-23,"EPI_ISL_681702","South America/Ecuador/Quito",6009,"N","G214del",0.000517610337184071,0.0517610337184071,"G",214,"del","South America","Ecuador","Quito",NA
"Spike_S71del","Spike_S71del",2020-01-05,"EPI_ISL_434692","Asia/Thailand/Nonthaburi",5813,"Spike","S71del",0.000500727057755201,0.0500727057755201,"S",71,"del","Asia","Thailand","Nonthaburi",NA
"NS7a_F54del","NS7a_F54del",2020-04-28,"EPI_ISL_445217","Asia/Bangladesh/Dhaka",5717,"NS7a","F54del",0.000492457696402285,0.0492457696402285,"F",54,"del","Asia","Bangladesh","Dhaka",NA
"NS7a_I100del","NS7a_I100del",2020-03-20,"EPI_ISL_918480","Europe/Italy/Campania",5599,"NS7a","I100del",0.000482293273072659,0.048229327307266,"I",100,"del","Europe","Italy","Campania",NA
"NS7a_L77del","NS7a_L77del",2020-03-15,"EPI_ISL_661253","North America/USA/Georgia",5598,"NS7a","L77del",0.0004822071338919,0.04822071338919,"L",77,"del","North America","USA","Georgia",NA
"NS7a_I103del","NS7a_I103del",2020-02-15,"EPI_ISL_684615","Asia/Japan/Tokyo",5335,"NS7a","I103del",0.000459552529352141,0.0459552529352141,"I",103,"del","Asia","Japan","Tokyo",NA
"N_G34del","N_G34del",2021-01-20,"EPI_ISL_15561497","North America/USA/Oklahoma/Oklahoma City",5144,"N","G34del",0.000443099945827069,0.0443099945827069,"G",34,"del","North America","USA","Oklahoma","Oklahoma City"
"NS7b_F13del","NS7b_F13del",2020-03-23,"EPI_ISL_452472","Europe/Spain/Navarra/Tafalla",5012,"NS7b","F13del",0.00043172957396681,0.043172957396681,"F",13,"del","Europe","Spain","Navarra","Tafalla"
"N_G215del","N_G215del",2020-04-24,"EPI_ISL_491523","Europe/United Kingdom/Scotland",4772,"N","G215del",0.000411056170584521,0.0411056170584521,"G",215,"del","Europe","United Kingdom","Scotland",NA
"NSP1_V54del","NSP1_V54del",2020-03-09,"EPI_ISL_852804","Europe/Germany/Baden-Wurttemberg/Freiburg",4655,"NSP1","V54del",0.000400977886435655,0.0400977886435655,"V",54,"del","Europe","Germany","Baden-Wurttemberg","Freiburg"
"NS3_T14del","NS3_T14del",2020-03-12,"EPI_ISL_492672","Europe/United Kingdom/England",4328,"NS3","T14del",0.000372810374327285,0.0372810374327285,"T",14,"del","Europe","United Kingdom","England",NA
